neutral_id,repo,issue_url,buggy_sha,fixed_sha,mechanism_sentence,crit_real_defect,crit_dual_arm_repro,crit_in_scope,decision,exclusion_reason,analysis_id
EXT-numpy-01,numpy,https://github.com/numpy/numpy/issues/18378,8ff45c5bb520db04af8720bf1d34a392a8d2561a,9989e1e43fb24d163887f450ef15e6f270b8e15b,returns finite complex zero when a zero base is raised to an exponent with positive real part,PASS,PENDING,PASS,ADMIT_PENDING_REPRO,,
EXT-numpy-02,numpy,https://github.com/numpy/numpy/issues/30796,8a0557f40b6085751b3ba321c6cfe699b28c67d7,a0338f2f999d4b61fdcb6bf4646e5c77ed159991,preserves user-defined floating-point precision when rendering array values,PASS,PENDING,FAIL,EXCLUDED,output formatting is not a numerical kernel,
EXT-scipy-01,scipy,https://github.com/scipy/scipy/issues/24551,c998b5fcaf0654c7511cf9659beeba4780c7182e,68d40e7cbe43370049c38bb6013e6b9e77415d68,uses cancellation-resistant formulas so density and tail probabilities approach the normal limit for very small shape values,PASS,PENDING,PASS,ADMIT_PENDING_REPRO,,
EXT-scipy-02,scipy,https://github.com/scipy/scipy/issues/24517,c5e11ad6f79123f310d0ce4be4474c47870235e7,c2e88270285f50f76099f4c602bed07a84bdf267,corrects the documented matrix multiplication order for applying rotations to row-vector inputs,PASS,PENDING,FAIL,EXCLUDED,documentation-only defect,
EXT-scikit-learn-01,scikit-learn,https://github.com/scikit-learn/scikit-learn/issues/26766,6c18131f1390843aa4fd9fd615cbc7feac40bc81,8e9cd7d33a64ffc6a7ab90e4069f4659f9aed6cb,rescales large prediction scores before fitting sigmoid calibration parameters and transforms the fitted slope back,PASS,PENDING,PASS,ADMIT_PENDING_REPRO,,
EXT-scikit-learn-02,scikit-learn,https://github.com/scikit-learn/scikit-learn/issues/33390,8f0caaafcdfa158d7863e44e6bd31f0a80c51c2d,a6d659478443e08eb41e9f3bb534661a7dbf272e,uses a signed working dtype so negative class codes do not overflow for unsigned targets,PASS,PENDING,FAIL,EXCLUDED,discrete label preprocessing returns a vector rather than few numerical outputs,
EXT-statsmodels-01,statsmodels,https://github.com/statsmodels/statsmodels/issues/9860,46f2e6ddd2d2aed4599c85bdd51459b050185213,303b0033ab295c2264b1168bd1c6d2b4abaad7af,restores the sample-count divisor in the derivative of the binomial variance,PASS,PENDING,PASS,ADMIT_PENDING_REPRO,,
EXT-statsmodels-02,statsmodels,https://github.com/statsmodels/statsmodels/issues/9791,383d9707516a8613a46d58998e42985b431a33f3,8470c9c164b4811527659317c972fb5283f0bb12,standardises the design matrix before auxiliary regression to avoid ill-conditioned variance-inflation values,PASS,PENDING,PASS,ADMIT_PENDING_REPRO,,
EXT-statsmodels-03,statsmodels,https://github.com/statsmodels/statsmodels/issues/2969,62d08d162bffd792144b413f9f38d963d0ed857c,af5819b308c23529c597c5686e91c5b25dcd75c6,restores the zero default for two-sample null differences while requiring an explicit one-sample null value,PASS,PENDING,PASS,ADMIT_PENDING_REPRO,,
